Arena Glade 1,4
Arena Glade 2,4
Arena Glade 3,4
Bark Biter,1
Bayview,2
Bayview Glade,3
Big Time,1
Birch Run,2
Blue Line,2
Borderline,2
Brownie,2
Cat Track,1
Chips,2
Chute,3
Dogleg,1
Dories Bowl,2
Duck Soup,1
Easy Mile,1
EZ4U,1
Foo Foo Land,1
Foo Land,1
Fun Bowl,1
Gator's Alley,2
Goose Bumps,3
Home Run,1
Hot Flash,2
Jane O. Trail,2
Outback Jack,2
Outback Jack Glade,3
Panda Land,1
Pintail Glade,4
Pleasantview,1
Powerline Glade,4
Race Arena,2
Ramblewood,1
Revelry,2
Scarface,3
Smokey,3
Smooth Sailing,2
Sno Pro,2
Southern Comfort,2
Southern Comfort Glade,3
Southwest Passage,2
Terrain Park,3
The Big 4-0,2
The Ridge,1
Tower Glade 1,4
Tower Glade 2,4
Tower Glade 3,4
Tower Glade 4,4
Twilight Zone,3
Valley,2
Whitefish,2